Date,District,Time,CO,FSP,NO2,NOX,O3,RSP,SO2,AQHI,lat,lon
2020/1/1,Causeway Bay,9,89,3,68,198,19,49,6,3,22.281672,114.183565
2020/1/1,Causeway Bay,24,63,2,45,74,64,3,4,4,22.281672,114.183565
2020/1/2,Causeway Bay,9,79,2,88,2,15,51,7,4,22.281672,114.183565
2020/1/2,Causeway Bay,24,92,43,77,2,7,66,8,4,22.281672,114.183565
2020/1/3,Causeway Bay,9,94,3,155,487,9,52,11,4,22.281672,114.183565
2020/1/3,Causeway Bay,24,68,41,66,118,46,56,6,4,22.281672,114.183565
2020/1/4,Causeway Bay,9,76,2,87,2,2,42,7,4,22.281672,114.183565
2020/1/4,Causeway Bay,24,80,3,83,182,3,50,7,4,22.281672,114.183565
2020/1/5,Causeway Bay,9,61,2,54,115,3,3,5,3,22.281672,114.183565
2020/1/5,Causeway Bay,24,57,19,41,66,65,3,6,4,22.281672,114.183565
2020/1/6,Causeway Bay,9,74,2,75,181,2,3,6,3,22.281672,114.183565
2020/1/6,Causeway Bay,24,67,3,65,107,49,51,6,4,22.281672,114.183565
2020/1/7,Causeway Bay,9,147,2,117,72,2,50,16,4,22.281672,114.183565
2020/1/7,Causeway Bay,24,13,3,90,401,1,48,12,4,22.281672,114.183565
2020/1/8,Causeway Bay,9,95,40,86,3,8,67,11,4,22.281672,114.183565
2020/1/8,Causeway Bay,24,70,2,48,67,85,43,6,5,22.281672,114.183565
2020/1/9,Causeway Bay,9,100,2,92,194,3,50,7,4,22.281672,114.183565
2020/1/9,Causeway Bay,24,97,2,75,12,51,45,6,5,22.281672,114.183565
2020/1/10,Causeway Bay,9,109,3,106,2,2,62,9,5,22.281672,114.183565
2020/1/10,Causeway Bay,24,95,3,94,199,3,56,4,5,22.281672,114.183565
2020/1/11,Causeway Bay,9,92,40,76,2,2,65,4,4,22.281672,114.183565
2020/1/11,Causeway Bay,24,156,56,83,3,3,108,11,5,22.281672,114.183565
2020/1/12,Causeway Bay,9,12,16,74,2,6,3,8,3,22.281672,114.183565
2020/1/12,Causeway Bay,24,108,2,65,163,2,3,5,4,22.281672,114.183565
2020/1/13,Causeway Bay,9,109,2,64,198,8,43,6,3,22.281672,114.183565
2020/1/13,Causeway Bay,24,87,2,59,86,65,46,2,5,22.281672,114.183565
2020/1/14,Causeway Bay,9,98,3,81,183,3,62,5,4,22.281672,114.183565
2020/1/14,Causeway Bay,24,105,3,88,169,47,54,5,5,22.281672,114.183565
2020/1/15,Causeway Bay,9,84,3,71,144,42,57,3,4,22.281672,114.183565
2020/1/15,Causeway Bay,24,NaN,46,NaN,NaN,NaN,68,NaN,5,22.281672,114.183565
2020/1/16,Causeway Bay,9,104,3,87,2,18,58,5,4,22.281672,114.183565
2020/1/16,Causeway Bay,24,103,3,79,167,3,52,4,4,22.281672,114.183565
2020/1/17,Causeway Bay,9,13,2,78,3,4,53,7,3,22.281672,114.183565
2020/1/17,Causeway Bay,24,12,2,73,141,18,3,4,3,22.281672,114.183565
2020/1/18,Causeway Bay,9,12,2,76,2,7,3,7,3,22.281672,114.183565
2020/1/18,Causeway Bay,24,88,19,48,80,55,3,2,4,22.281672,114.183565
2020/1/19,Causeway Bay,9,106,2,64,2,2,3,5,3,22.281672,114.183565
2020/1/19,Causeway Bay,24,155,47,87,2,4,65,7,4,22.281672,114.183565
2020/1/20,Causeway Bay,9,117,2,98,2,9,3,5,3,22.281672,114.183565
2020/1/20,Causeway Bay,24,102,2,73,145,42,3,3,4,22.281672,114.183565
2020/1/21,Causeway Bay,9,116,NaN,92,196,2,NaN,4,4,22.281672,114.183565
2020/1/21,Causeway Bay,24,109,3,88,165,48,54,4,5,22.281672,114.183565
2020/1/22,Causeway Bay,9,12,3,12,43,15,50,8,5,22.281672,114.183565
2020/1/22,Causeway Bay,24,113,3,83,158,2,51,4,4,22.281672,114.183565
2020/1/23,Causeway Bay,9,109,3,92,2,17,62,5,4,22.281672,114.183565
2020/1/23,Causeway Bay,24,96,3,67,153,2,47,4,4,22.281672,114.183565
2020/1/24,Causeway Bay,9,100,3,68,178,16,48,4,3,22.281672,114.183565
2020/1/24,Causeway Bay,24,99,2,51,95,3,3,3,4,22.281672,114.183565
2020/1/25,Causeway Bay,9,98,2,68,2,2,3,5,3,22.281672,114.183565
2020/1/25,Causeway Bay,24,13,2,64,2,6,3,7,3,22.281672,114.183565
2020/1/26,Causeway Bay,9,108,4,3,12,4,6,5,2,22.281672,114.183565
2020/1/26,Causeway Bay,24,99,13,3,112,13,2,3,2,22.281672,114.183565
2020/1/27,Causeway Bay,9,84,9,40,95,2,14,2,2,22.281672,114.183565
2020/1/27,Causeway Bay,24,104,11,52,155,13,17,5,3,22.281672,114.183565
2020/1/28,Causeway Bay,9,89,12,50,12,2,2,3,2,22.281672,114.183565
2020/1/28,Causeway Bay,24,NaN,13,NaN,NaN,NaN,2,NaN,3,22.281672,114.183565
2020/1/29,Causeway Bay,9,105,2,93,3,6,2,8,3,22.281672,114.183565
2020/1/29,Causeway Bay,24,113,18,64,169,3,2,5,3,22.281672,114.183565
2020/1/30,Causeway Bay,9,79,2,87,2,2,3,7,4,22.281672,114.183565
2020/1/30,Causeway Bay,24,100,2,77,191,3,3,6,4,22.281672,114.183565
2020/1/31,Causeway Bay,9,86,NaN,88,2,2,NaN,7,4,22.281672,114.183565
2020/1/31,Causeway Bay,24,111,3,119,3,5,46,9,4,22.281672,114.183565
2020/1/1,Central,9,87,2,52,99,3,3,6,3,22.28053,114.158702
2020/1/1,Central,24,69,19,46,59,72,2,5,4,22.28053,114.158702
2020/1/2,Central,9,78,13,90,2,18,2,7,4,22.28053,114.158702
2020/1/2,Central,24,117,40,90,2,6,57,9,4,22.28053,114.158702
2020/1/3,Central,9,82,2,109,2,15,3,9,4,22.28053,114.158702
2020/1/3,Central,24,83,3,84,12,41,3,7,4,22.28053,114.158702
2020/1/4,Central,9,73,2,87,152,2,3,7,4,22.28053,114.158702
2020/1/4,Central,24,69,2,70,102,54,44,6,4,22.28053,114.158702
2020/1/5,Central,9,58,13,44,68,53,2,5,3,22.28053,114.158702
2020/1/5,Central,24,60,12,50,72,65,2,7,4,22.28053,114.158702
2020/1/6,Central,9,78,14,97,2,2,2,8,4,22.28053,114.158702
2020/1/6,Central,24,85,2,73,102,50,40,4,4,22.28053,114.158702
2020/1/7,Central,9,107,2,12,412,6,40,10,4,22.28053,114.158702
2020/1/7,Central,24,174,2,119,552,5,52,16,5,22.28053,114.158702
2020/1/8,Central,9,96,2,101,2,9,51,9,4,22.28053,114.158702
2020/1/8,Central,24,81,18,70,97,76,41,4,5,22.28053,114.158702
2020/1/9,Central,9,104,19,92,152,49,44,4,5,22.28053,114.158702
2020/1/9,Central,24,102,2,71,102,63,3,3,5,22.28053,114.158702
2020/1/10,Central,9,110,3,112,193,3,55,6,5,22.28053,114.158702
2020/1/10,Central,24,89,3,73,104,57,45,3,5,22.28053,114.158702
2020/1/11,Central,9,89,3,86,142,2,50,4,4,22.28053,114.158702
2020/1/11,Central,24,144,57,77,196,6,107,9,4,22.28053,114.158702
2020/1/12,Central,9,119,10,72,181,10,2,6,3,22.28053,114.158702
2020/1/12,Central,24,104,15,68,111,3,2,4,4,22.28053,114.158702
2020/1/13,Central,9,118,18,70,184,12,3,6,3,22.28053,114.158702
2020/1/13,Central,24,100,2,77,100,63,40,3,5,22.28053,114.158702
2020/1/14,Central,9,105,3,100,182,3,53,6,4,22.28053,114.158702
2020/1/14,Central,24,92,3,78,102,65,51,4,5,22.28053,114.158702
2020/1/15,Central,9,88,2,102,190,3,45,4,4,22.28053,114.158702
2020/1/15,Central,24,101,43,44,55,68,71,2,5,22.28053,114.158702
2020/1/16,Central,9,108,3,101,2,18,52,5,4,22.28053,114.158702
2020/1/16,Central,24,103,3,106,195,18,47,5,4,22.28053,114.158702
2020/1/17,Central,9,13,2,92,3,6,54,9,3,22.28053,114.158702
2020/1/17,Central,24,13,17,106,2,13,3,7,4,22.28053,114.158702
2020/1/18,Central,9,119,14,68,153,15,2,5,3,22.28053,114.158702
2020/1/18,Central,24,95,15,68,104,48,2,3,4,22.28053,114.158702
2020/1/19,Central,9,105,16,61,112,2,3,4,3,22.28053,114.158702
2020/1/19,Central,24,12,3,84,194,7,60,6,4,22.28053,114.158702
2020/1/20,Central,9,116,2,12,3,9,3,8,4,22.28053,114.158702
2020/1/20,Central,24,111,NaN,91,147,3,NaN,4,5,22.28053,114.158702
2020/1/21,Central,9,12,3,107,2,2,56,4,4,22.28053,114.158702
2020/1/21,Central,24,102,2,72,94,70,41,3,5,22.28053,114.158702
2020/1/22,Central,9,116,3,12,2,3,45,5,5,22.28053,114.158702
2020/1/22,Central,24,107,2,78,112,44,40,3,4,22.28053,114.158702
2020/1/23,Central,9,112,3,110,2,15,49,5,4,22.28053,114.158702
2020/1/23,Central,24,97,18,65,100,3,2,3,3,22.28053,114.158702
2020/1/24,Central,9,108,2,85,2,14,3,5,3,22.28053,114.158702
2020/1/24,Central,24,100,14,47,72,50,2,2,3,22.28053,114.158702
2020/1/25,Central,9,84,15,41,62,50,2,3,3,22.28053,114.158702
2020/1/25,Central,24,106,18,61,158,8,2,5,3,22.28053,114.158702
2020/1/26,Central,9,12,5,40,187,5,8,6,2,22.28053,114.158702
2020/1/26,Central,24,106,9,53,166,8,15,5,2,22.28053,114.158702
2020/1/27,Central,9,93,6,60,153,13,12,5,2,22.28053,114.158702
2020/1/27,Central,24,90,11,61,171,12,19,6,3,22.28053,114.158702
2020/1/28,Central,9,87,11,71,2,10,18,6,3,22.28053,114.158702
2020/1/28,Central,24,90,11,73,178,18,15,5,3,22.28053,114.158702
2020/1/29,Central,9,104,17,102,3,7,2,9,3,22.28053,114.158702
2020/1/29,Central,24,78,16,67,119,3,2,4,4,22.28053,114.158702
2020/1/30,Central,9,87,2,114,2,15,3,9,4,22.28053,114.158702
2020/1/30,Central,24,82,2,88,175,2,3,6,4,22.28053,114.158702
2020/1/31,Central,9,95,3,119,3,11,3,10,4,22.28053,114.158702
2020/1/31,Central,24,13,2,110,2,15,47,6,4,22.28053,114.158702
2020/1/1,Mong Kok,9,74,2,50,79,2,3,3,3,22.32109,114.170359
2020/1/1,Mong Kok,24,78,2,76,12,3,3,3,4,22.32109,114.170359
2020/1/2,Mong Kok,9,64,19,79,151,15,2,3,3,22.32109,114.170359
2020/1/2,Mong Kok,24,12,46,96,2,0,67,7,4,22.32109,114.170359
2020/1/3,Mong Kok,9,68,3,83,146,15,43,4,3,22.32109,114.170359
2020/1/3,Mong Kok,24,76,3,98,154,2,42,5,4,22.32109,114.170359
2020/1/4,Mong Kok,9,65,3,99,186,18,40,5,4,22.32109,114.170359
2020/1/4,Mong Kok,24,74,3,81,12,3,41,4,4,22.32109,114.170359
2020/1/5,Mong Kok,9,50,17,60,101,3,2,3,3,22.32109,114.170359
2020/1/5,Mong Kok,24,58,17,64,107,3,2,5,4,22.32109,114.170359
2020/1/6,Mong Kok,9,74,19,102,2,10,2,5,4,22.32109,114.170359
2020/1/6,Mong Kok,24,NaN,2,NaN,NaN,NaN,3,NaN,4,22.32109,114.170359
2020/1/7,Mong Kok,9,12,2,12,3,1,40,9,4,22.32109,114.170359
2020/1/7,Mong Kok,24,117,2,12,52,0,44,2,5,22.32109,114.170359
2020/1/8,Mong Kok,9,80,3,98,2,2,47,6,4,22.32109,114.170359
2020/1/8,Mong Kok,24,73,16,96,142,43,3,3,4,22.32109,114.170359
2020/1/9,Mong Kok,9,94,2,100,169,3,41,3,4,22.32109,114.170359
2020/1/9,Mong Kok,24,87,3,80,113,47,45,2,5,22.32109,114.170359
2020/1/10,Mong Kok,9,94,3,100,172,3,58,4,4,22.32109,114.170359
2020/1/10,Mong Kok,24,73,3,88,13,41,50,2,5,22.32109,114.170359
2020/1/11,Mong Kok,9,73,3,91,157,19,50,2,4,22.32109,114.170359
2020/1/11,Mong Kok,24,118,67,82,171,2,12,7,5,22.32109,114.170359
2020/1/12,Mong Kok,9,92,9,47,82,19,18,3,2,22.32109,114.170359
2020/1/12,Mong Kok,24,101,19,74,12,2,2,3,3,22.32109,114.170359
2020/1/13,Mong Kok,9,101,2,65,148,7,50,4,3,22.32109,114.170359
2020/1/13,Mong Kok,24,93,2,87,12,44,40,2,5,22.32109,114.170359
2020/1/14,Mong Kok,9,98,42,113,2,14,61,4,4,22.32109,114.170359
2020/1/14,Mong Kok,24,71,3,54,62,75,50,2,5,22.32109,114.170359
2020/1/15,Mong Kok,9,75,3,95,171,2,54,2,4,22.32109,114.170359
2020/1/15,Mong Kok,24,96,50,79,12,3,75,2,5,22.32109,114.170359
2020/1/16,Mong Kok,9,86,43,85,158,17,60,3,4,22.32109,114.170359
2020/1/16,Mong Kok,24,89,3,93,12,2,49,2,4,22.32109,114.170359
2020/1/17,Mong Kok,9,96,2,55,12,11,3,3,3,22.32109,114.170359
2020/1/17,Mong Kok,24,107,15,80,166,16,2,4,3,22.32109,114.170359
2020/1/18,Mong Kok,9,108,17,73,178,5,2,5,3,22.32109,114.170359
2020/1/18,Mong Kok,24,91,2,87,149,2,3,2,4,22.32109,114.170359
2020/1/19,Mong Kok,9,82,2,54,89,2,3,2,3,22.32109,114.170359
2020/1/19,Mong Kok,24,91,3,52,79,2,49,2,3,22.32109,114.170359
2020/1/20,Mong Kok,9,98,2,87,2,7,2,4,3,22.32109,114.170359
2020/1/20,Mong Kok,24,NaN,2,NaN,NaN,NaN,3,NaN,4,22.32109,114.170359
2020/1/21,Mong Kok,9,107,3,107,199,14,49,3,4,22.32109,114.170359
2020/1/21,Mong Kok,24,86,3,85,118,51,47,3,5,22.32109,114.170359
2020/1/22,Mong Kok,9,102,46,13,2,7,58,5,5,22.32109,114.170359
2020/1/22,Mong Kok,24,99,3,95,145,2,50,3,4,22.32109,114.170359
2020/1/23,Mong Kok,9,86,3,92,165,15,43,3,4,22.32109,114.170359
2020/1/23,Mong Kok,24,78,17,76,12,2,2,2,3,22.32109,114.170359
2020/1/24,Mong Kok,9,84,3,93,2,3,44,4,3,22.32109,114.170359
2020/1/24,Mong Kok,24,82,16,61,95,3,2,1,3,22.32109,114.170359
2020/1/25,Mong Kok,9,70,16,67,12,2,2,2,3,22.32109,114.170359
2020/1/25,Mong Kok,24,94,3,47,117,8,3,2,3,22.32109,114.170359
2020/1/26,Mong Kok,9,87,2,2,77,6,1,2,1,22.32109,114.170359
2020/1/26,Mong Kok,24,82,8,3,103,12,9,2,2,22.32109,114.170359
2020/1/27,Mong Kok,9,73,3,3,75,2,4,1,2,22.32109,114.170359
2020/1/27,Mong Kok,24,65,8,3,63,2,9,1,2,22.32109,114.170359
2020/1/28,Mong Kok,9,62,4,47,86,2,5,1,2,22.32109,114.170359
2020/1/28,Mong Kok,24,69,11,51,88,3,12,2,3,22.32109,114.170359
2020/1/29,Mong Kok,9,78,17,73,165,18,19,3,3,22.32109,114.170359
2020/1/29,Mong Kok,24,58,15,43,62,45,18,2,3,22.32109,114.170359
2020/1/30,Mong Kok,9,56,2,50,82,48,2,3,3,22.32109,114.170359
2020/1/30,Mong Kok,24,57,19,57,87,48,2,3,4,22.32109,114.170359
2020/1/31,Mong Kok,9,60,2,69,104,3,2,3,4,22.32109,114.170359
2020/1/31,Mong Kok,24,90,2,101,153,2,3,3,4,22.32109,114.170359
2020/1/1,Tap Mun,9,87,18,11,13,62,3,7,3,22.47877,114.36015
2020/1/1,Tap Mun,24,71,15,7,9,97,2,6,4,22.47877,114.36015
2020/1/2,Tap Mun,9,70,16,6,8,75,2,6,3,22.47877,114.36015
2020/1/2,Tap Mun,24,83,2,2,2,17,3,6,2,22.47877,114.36015
2020/1/3,Tap Mun,9,68,2,12,14,79,3,8,3,22.47877,114.36015
2020/1/3,Tap Mun,24,59,NaN,10,12,49,2,6,3,22.47877,114.36015
2020/1/4,Tap Mun,9,68,19,15,17,47,2,6,2,22.47877,114.36015
2020/1/4,Tap Mun,24,60,18,6,8,99,3,6,4,22.47877,114.36015
2020/1/5,Tap Mun,9,56,14,4,6,78,3,6,3,22.47877,114.36015
2020/1/5,Tap Mun,24,62,13,10,12,92,2,8,4,22.47877,114.36015
2020/1/6,Tap Mun,9,65,17,9,11,62,3,6,3,22.47877,114.36015
2020/1/6,Tap Mun,24,68,2,12,13,102,3,8,4,22.47877,114.36015
2020/1/7,Tap Mun,9,71,17,13,16,3,2,7,2,22.47877,114.36015
2020/1/7,Tap Mun,24,66,12,15,17,2,19,6,2,22.47877,114.36015
2020/1/8,Tap Mun,9,75,2,18,2,42,41,7,2,22.47877,114.36015
2020/1/8,Tap Mun,24,76,13,10,11,12,3,7,5,22.47877,114.36015
2020/1/9,Tap Mun,9,99,2,7,9,107,44,6,4,22.47877,114.36015
2020/1/9,Tap Mun,24,96,2,10,11,115,45,7,5,22.47877,114.36015
2020/1/10,Tap Mun,9,99,2,11,13,94,47,7,4,22.47877,114.36015
2020/1/10,Tap Mun,24,81,2,8,10,87,3,6,4,22.47877,114.36015
2020/1/11,Tap Mun,9,81,2,9,11,79,43,6,4,22.47877,114.36015
2020/1/11,Tap Mun,24,118,3,18,2,3,67,8,3,22.47877,114.36015
2020/1/12,Tap Mun,9,116,6,15,19,3,16,6,2,22.47877,114.36015
2020/1/12,Tap Mun,24,12,17,2,2,54,41,7,3,22.47877,114.36015
2020/1/13,Tap Mun,9,112,17,19,2,3,3,7,2,22.47877,114.36015
2020/1/13,Tap Mun,24,87,18,8,9,114,3,7,4,22.47877,114.36015
2020/1/14,Tap Mun,9,93,2,9,11,91,40,7,4,22.47877,114.36015
2020/1/14,Tap Mun,24,75,19,7,9,111,3,7,4,22.47877,114.36015
2020/1/15,Tap Mun,9,74,2,7,9,91,44,6,4,22.47877,114.36015
2020/1/15,Tap Mun,24,96,3,8,9,101,57,6,5,22.47877,114.36015
2020/1/16,Tap Mun,9,90,2,7,9,84,42,6,4,22.47877,114.36015
2020/1/16,Tap Mun,24,81,2,10,12,55,2,6,3,22.47877,114.36015
2020/1/17,Tap Mun,9,12,8,11,13,3,15,6,2,22.47877,114.36015
2020/1/17,Tap Mun,24,115,12,13,15,59,2,7,3,22.47877,114.36015
2020/1/18,Tap Mun,9,119,16,14,16,3,2,7,2,22.47877,114.36015
2020/1/18,Tap Mun,24,85,12,7,9,75,2,5,3,22.47877,114.36015
2020/1/19,Tap Mun,9,112,2,13,15,3,41,7,3,22.47877,114.36015
2020/1/19,Tap Mun,24,109,16,11,12,47,2,6,2,22.47877,114.36015
2020/1/20,Tap Mun,9,105,18,13,15,40,2,7,2,22.47877,114.36015
2020/1/20,Tap Mun,24,93,16,7,8,58,19,7,3,22.47877,114.36015
2020/1/21,Tap Mun,9,100,2,7,9,98,3,7,4,22.47877,114.36015
2020/1/21,Tap Mun,24,88,2,8,9,12,3,8,5,22.47877,114.36015
2020/1/22,Tap Mun,9,93,2,10,12,75,3,7,4,22.47877,114.36015
2020/1/22,Tap Mun,24,88,2,12,13,70,3,7,4,22.47877,114.36015
2020/1/23,Tap Mun,9,89,3,9,11,62,47,7,3,22.47877,114.36015
2020/1/23,Tap Mun,24,70,11,5,6,48,14,7,3,22.47877,114.36015
2020/1/24,Tap Mun,9,75,16,11,13,54,2,7,3,22.47877,114.36015
2020/1/24,Tap Mun,24,83,6,3,4,86,11,7,3,22.47877,114.36015
2020/1/25,Tap Mun,9,74,16,8,10,72,3,8,3,22.47877,114.36015
2020/1/25,Tap Mun,24,115,2,7,8,2,2,7,2,22.47877,114.36015
2020/1/26,Tap Mun,9,104,5,6,8,2,7,7,1,22.47877,114.36015
2020/1/26,Tap Mun,24,92,6,4,5,47,7,7,2,22.47877,114.36015
2020/1/27,Tap Mun,9,94,4,3,4,49,6,7,2,22.47877,114.36015
2020/1/27,Tap Mun,24,75,6,4,6,50,9,7,2,22.47877,114.36015
2020/1/28,Tap Mun,9,80,8,3,5,52,12,8,2,22.47877,114.36015
2020/1/28,Tap Mun,24,85,13,4,5,62,16,8,3,22.47877,114.36015
2020/1/29,Tap Mun,9,92,17,3,5,71,2,8,3,22.47877,114.36015
2020/1/29,Tap Mun,24,80,19,4,6,74,2,8,3,22.47877,114.36015
2020/1/30,Tap Mun,9,76,2,3,5,84,2,9,3,22.47877,114.36015
2020/1/30,Tap Mun,24,71,2,6,8,85,2,9,4,22.47877,114.36015
2020/1/31,Tap Mun,9,74,2,3,5,88,3,9,4,22.47877,114.36015
2020/1/31,Tap Mun,24,72,2,5,5,113,3,9,4,22.47877,114.36015
2020/1/1,Tseung Kwan ,9,73,12,2,2,61,2,3,3,22.311633,114.259681
2020/1/1,Tseung Kwan ,24,64,18,17,2,93,3,2,4,22.311633,114.259681
2020/1/2,Tseung Kwan ,9,58,13,18,2,72,2,2,3,22.311633,114.259681
2020/1/2,Tseung Kwan ,24,94,2,61,110,4,48,4,3,22.311633,114.259681
2020/1/3,Tseung Kwan ,9,58,16,2,2,72,2,4,3,22.311633,114.259681
2020/1/3,Tseung Kwan ,24,78,2,78,89,2,3,2,4,22.311633,114.259681
2020/1/4,Tseung Kwan ,9,56,2,3,41,68,3,2,3,22.311633,114.259681
2020/1/4,Tseung Kwan ,24,52,2,15,2,100,3,2,4,22.311633,114.259681
2020/1/5,Tseung Kwan ,9,45,9,12,18,80,16,2,3,22.311633,114.259681
2020/1/5,Tseung Kwan ,24,53,9,17,2,90,2,3,4,22.311633,114.259681
2020/1/6,Tseung Kwan ,9,55,6,2,3,66,2,2,3,22.311633,114.259681
2020/1/6,Tseung Kwan ,24,58,17,15,2,101,3,3,4,22.311633,114.259681
2020/1/7,Tseung Kwan ,9,91,16,69,13,15,2,3,3,22.311633,114.259681
2020/1/7,Tseung Kwan ,24,12,12,82,2,3,2,4,3,22.311633,114.259681
2020/1/8,Tseung Kwan ,9,62,19,2,3,47,42,4,3,22.311633,114.259681
2020/1/8,Tseung Kwan ,24,65,16,2,3,115,3,3,5,22.311633,114.259681
2020/1/9,Tseung Kwan ,9,86,2,15,2,105,42,2,5,22.311633,114.259681
2020/1/9,Tseung Kwan ,24,82,2,15,19,113,44,3,5,22.311633,114.259681
2020/1/10,Tseung Kwan ,9,84,2,2,3,98,43,4,4,22.311633,114.259681
2020/1/10,Tseung Kwan ,24,64,2,14,19,112,3,2,5,22.311633,114.259681
2020/1/11,Tseung Kwan ,9,67,2,2,2,82,3,2,4,22.311633,114.259681
2020/1/11,Tseung Kwan ,24,114,50,62,72,7,104,5,4,22.311633,114.259681
2020/1/12,Tseung Kwan ,9,93,6,2,3,3,18,3,2,22.311633,114.259681
2020/1/12,Tseung Kwan ,24,84,1,19,2,72,15,3,3,22.311633,114.259681
2020/1/13,Tseung Kwan ,9,89,8,3,44,2,3,3,3,22.311633,114.259681
2020/1/13,Tseung Kwan ,24,80,15,2,3,105,2,2,4,22.311633,114.259681
2020/1/14,Tseung Kwan ,9,69,3,2,2,87,47,3,4,22.311633,114.259681
2020/1/14,Tseung Kwan ,24,72,2,3,3,99,42,2,5,22.311633,114.259681
2020/1/15,Tseung Kwan ,9,58,2,2,2,85,3,2,4,22.311633,114.259681
2020/1/15,Tseung Kwan ,24,83,3,17,2,94,57,2,4,22.311633,114.259681
2020/1/16,Tseung Kwan ,9,66,3,2,3,70,47,2,4,22.311633,114.259681
2020/1/16,Tseung Kwan ,24,68,2,3,40,60,2,1,4,22.311633,114.259681
2020/1/17,Tseung Kwan ,9,94,9,3,43,2,2,2,2,22.311633,114.259681
2020/1/17,Tseung Kwan ,24,96,9,2,3,59,2,2,3,22.311633,114.259681
2020/1/18,Tseung Kwan ,9,97,8,3,43,2,3,3,3,22.311633,114.259681
2020/1/18,Tseung Kwan ,24,68,6,16,2,90,2,1,4,22.311633,114.259681
2020/1/19,Tseung Kwan ,9,82,10,18,2,45,19,1,3,22.311633,114.259681
2020/1/19,Tseung Kwan ,24,92,18,3,3,3,3,2,3,22.311633,114.259681
2020/1/20,Tseung Kwan ,9,88,10,3,44,3,13,2,3,22.311633,114.259681
2020/1/20,Tseung Kwan ,24,116,2,86,13,14,2,1,3,22.311633,114.259681
2020/1/21,Tseung Kwan ,9,83,2,2,3,88,3,0,4,22.311633,114.259681
2020/1/21,Tseung Kwan ,24,68,2,15,2,119,3,1,5,22.311633,114.259681
2020/1/22,Tseung Kwan ,9,76,3,3,3,86,40,1,4,22.311633,114.259681
2020/1/22,Tseung Kwan ,24,72,2,2,2,94,2,1,4,22.311633,114.259681
2020/1/23,Tseung Kwan ,9,69,2,2,3,70,42,0,4,22.311633,114.259681
2020/1/23,Tseung Kwan ,24,54,16,15,2,66,16,0,3,22.311633,114.259681
2020/1/24,Tseung Kwan ,9,56,18,13,18,65,2,0,3,22.311633,114.259681
2020/1/24,Tseung Kwan ,24,66,8,10,15,84,16,0,3,22.311633,114.259681
2020/1/25,Tseung Kwan ,9,53,13,12,19,71,18,0,3,22.311633,114.259681
2020/1/25,Tseung Kwan ,24,83,16,15,2,2,2,1,2,22.311633,114.259681
2020/1/26,Tseung Kwan ,9,82,NaN,14,2,18,NaN,0,1,22.311633,114.259681
2020/1/26,Tseung Kwan ,24,79,12,15,2,3,19,1,2,22.311633,114.259681
2020/1/27,Tseung Kwan ,9,80,0,15,2,42,6,0,2,22.311633,114.259681
2020/1/27,Tseung Kwan ,24,66,9,10,16,48,7,0,2,22.311633,114.259681
2020/1/28,Tseung Kwan ,9,64,5,18,2,43,9,0,2,22.311633,114.259681
2020/1/28,Tseung Kwan ,24,68,8,9,13,67,9,1,2,22.311633,114.259681
2020/1/29,Tseung Kwan ,9,66,16,9,14,71,18,0,3,22.311633,114.259681
2020/1/29,Tseung Kwan ,24,66,12,10,15,75,2,1,3,22.311633,114.259681
2020/1/30,Tseung Kwan ,9,NaN,NaN,NaN,NaN,NaN,NaN,NaN,3,22.311633,114.259681
2020/1/30,Tseung Kwan ,24,62,17,13,18,85,2,2,4,22.311633,114.259681
2020/1/31,Tseung Kwan ,9,62,2,17,2,78,2,2,4,22.311633,114.259681
2020/1/31,Tseung Kwan ,24,96,2,92,109,2,2,2,4,22.311633,114.259681
2020/1/1,Tsuen Wan,9,97,19,41,51,3,2,0,3,22.376994,114.099762
2020/1/1,Tsuen Wan,24,82,2,3,45,59,2,0,4,22.376994,114.099762
2020/1/2,Tsuen Wan,9,82,17,68,93,2,2,0,3,22.376994,114.099762
2020/1/2,Tsuen Wan,24,86,2,56,82,4,3,1,3,22.376994,114.099762
2020/1/3,Tsuen Wan,9,90,13,74,106,2,2,1,3,22.376994,114.099762
2020/1/3,Tsuen Wan,24,88,2,85,107,11,3,1,4,22.376994,114.099762
2020/1/4,Tsuen Wan,9,85,2,77,117,13,3,2,3,22.376994,114.099762
2020/1/4,Tsuen Wan,24,78,2,52,61,59,3,1,4,22.376994,114.099762
2020/1/5,Tsuen Wan,9,69,13,3,46,52,18,0,3,22.376994,114.099762
2020/1/5,Tsuen Wan,24,71,12,43,49,56,18,2,3,22.376994,114.099762
2020/1/6,Tsuen Wan,9,86,5,80,12,3,13,2,3,22.376994,114.099762
2020/1/6,Tsuen Wan,24,82,16,45,50,62,2,2,4,22.376994,114.099762
2020/1/7,Tsuen Wan,9,111,17,90,2,4,2,NaN,3,22.376994,114.099762
2020/1/7,Tsuen Wan,24,88,18,67,88,8,2,3,3,22.376994,114.099762
2020/1/8,Tsuen Wan,9,96,19,63,95,2,3,5,3,22.376994,114.099762
2020/1/8,Tsuen Wan,24,85,11,53,58,71,2,3,4,22.376994,114.099762
2020/1/9,Tsuen Wan,9,112,18,54,64,61,3,3,4,22.376994,114.099762
2020/1/9,Tsuen Wan,24,107,2,46,51,69,3,3,4,22.376994,114.099762
2020/1/10,Tsuen Wan,9,117,2,74,91,42,3,3,4,22.376994,114.099762
2020/1/10,Tsuen Wan,24,96,2,66,76,2,3,3,3,22.376994,114.099762
2020/1/11,Tsuen Wan,9,100,15,71,96,2,2,3,3,22.376994,114.099762
2020/1/11,Tsuen Wan,24,13,47,70,107,3,94,7,4,22.376994,114.099762
2020/1/12,Tsuen Wan,9,119,8,44,60,15,17,3,2,22.376994,114.099762
2020/1/12,Tsuen Wan,24,119,12,43,50,49,18,3,4,22.376994,114.099762
2020/1/13,Tsuen Wan,9,12,2,60,102,12,3,3,3,22.376994,114.099762
2020/1/13,Tsuen Wan,24,85,2,44,48,64,3,5,4,22.376994,114.099762
2020/1/14,Tsuen Wan,9,91,2,55,70,51,42,6,4,22.376994,114.099762
2020/1/14,Tsuen Wan,24,67,2,2,2,97,40,6,5,22.376994,114.099762
2020/1/15,Tsuen Wan,9,67,2,45,59,54,42,5,4,22.376994,114.099762
2020/1/15,Tsuen Wan,24,79,3,2,2,74,53,4,4,22.376994,114.099762
2020/1/16,Tsuen Wan,9,78,3,42,52,46,41,4,3,22.376994,114.099762
2020/1/16,Tsuen Wan,24,68,2,45,48,2,3,5,3,22.376994,114.099762
2020/1/17,Tsuen Wan,9,99,16,47,87,9,2,5,2,22.376994,114.099762
2020/1/17,Tsuen Wan,24,103,13,50,58,2,2,5,3,22.376994,114.099762
2020/1/18,Tsuen Wan,9,104,12,45,66,16,17,6,2,22.376994,114.099762
2020/1/18,Tsuen Wan,24,77,14,3,40,60,2,4,3,22.376994,114.099762
2020/1/19,Tsuen Wan,9,88,2,40,52,2,3,4,3,22.376994,114.099762
2020/1/19,Tsuen Wan,24,99,3,40,46,2,48,5,3,22.376994,114.099762
2020/1/20,Tsuen Wan,9,94,18,54,81,16,2,5,2,22.376994,114.099762
2020/1/20,Tsuen Wan,24,89,2,64,73,19,2,4,3,22.376994,114.099762
2020/1/21,Tsuen Wan,9,99,2,59,82,44,3,5,4,22.376994,114.099762
2020/1/21,Tsuen Wan,24,78,2,3,3,91,41,5,4,22.376994,114.099762
2020/1/22,Tsuen Wan,9,83,2,57,67,3,3,4,4,22.376994,114.099762
2020/1/22,Tsuen Wan,24,84,16,53,58,45,2,4,3,22.376994,114.099762
2020/1/23,Tsuen Wan,9,72,17,43,59,3,19,4,2,22.376994,114.099762
2020/1/23,Tsuen Wan,24,68,12,49,60,11,17,4,2,22.376994,114.099762
2020/1/24,Tsuen Wan,9,62,17,3,47,3,2,4,3,22.376994,114.099762
2020/1/24,Tsuen Wan,24,72,13,2,3,52,2,4,3,22.376994,114.099762
2020/1/25,Tsuen Wan,9,54,7,2,3,51,10,4,3,22.376994,114.099762
2020/1/25,Tsuen Wan,24,71,2,2,3,2,2,4,2,22.376994,114.099762
2020/1/26,Tsuen Wan,9,80,5,13,2,14,5,4,1,22.376994,114.099762
2020/1/26,Tsuen Wan,24,74,9,2,2,2,10,5,2,22.376994,114.099762
2020/1/27,Tsuen Wan,9,72,8,19,2,3,8,4,2,22.376994,114.099762
2020/1/27,Tsuen Wan,24,58,7,17,2,3,8,4,2,22.376994,114.099762
2020/1/28,Tsuen Wan,9,58,9,2,2,3,9,5,2,22.376994,114.099762
2020/1/28,Tsuen Wan,24,70,9,3,41,3,10,5,2,22.376994,114.099762
2020/1/29,Tsuen Wan,9,73,14,3,56,3,15,5,3,22.376994,114.099762
2020/1/29,Tsuen Wan,24,62,14,3,3,46,15,5,3,22.376994,114.099762
2020/1/30,Tsuen Wan,9,60,2,3,52,51,2,6,3,22.376994,114.099762
2020/1/30,Tsuen Wan,24,79,2,72,101,12,2,6,3,22.376994,114.099762
2020/1/31,Tsuen Wan,9,74,2,54,77,44,2,6,3,22.376994,114.099762
2020/1/31,Tsuen Wan,24,86,2,69,78,2,2,6,3,22.376994,114.099762
2020/1/1,Tuen Mun,9,71,2,2,3,45,3,4,3,22.397612,113.961793
2020/1/1,Tuen Mun,24,60,2,2,2,75,3,3,4,22.397612,113.961793
2020/1/2,Tuen Mun,9,53,19,43,61,3,3,4,3,22.397612,113.961793
2020/1/2,Tuen Mun,24,83,43,78,13,5,80,6,4,22.397612,113.961793
2020/1/3,Tuen Mun,9,92,3,76,2,6,51,8,3,22.397612,113.961793
2020/1/3,Tuen Mun,24,101,42,115,2,5,62,10,5,22.397612,113.961793
2020/1/4,Tuen Mun,9,99,3,81,2,6,59,9,3,22.397612,113.961793
2020/1/4,Tuen Mun,24,57,2,48,52,59,3,4,4,22.397612,113.961793
2020/1/5,Tuen Mun,9,48,18,2,3,66,2,4,4,22.397612,113.961793
2020/1/5,Tuen Mun,24,45,18,18,19,84,2,4,4,22.397612,113.961793
2020/1/6,Tuen Mun,9,55,18,52,66,48,3,4,4,22.397612,113.961793
2020/1/6,Tuen Mun,24,53,2,2,2,82,3,4,4,22.397612,113.961793
2020/1/7,Tuen Mun,9,85,2,82,196,9,50,7,3,22.397612,113.961793
2020/1/7,Tuen Mun,24,81,19,78,151,4,3,6,3,22.397612,113.961793
2020/1/8,Tuen Mun,9,68,3,56,85,19,58,8,3,22.397612,113.961793
2020/1/8,Tuen Mun,24,56,18,44,47,79,3,5,4,22.397612,113.961793
2020/1/9,Tuen Mun,9,81,17,41,47,76,41,4,4,22.397612,113.961793
2020/1/9,Tuen Mun,24,75,2,2,2,86,40,4,4,22.397612,113.961793
2020/1/10,Tuen Mun,9,84,2,73,91,3,3,5,4,22.397612,113.961793
2020/1/10,Tuen Mun,24,87,3,92,113,16,42,6,4,22.397612,113.961793
2020/1/11,Tuen Mun,9,91,3,81,166,10,40,6,3,22.397612,113.961793
2020/1/11,Tuen Mun,24,115,57,53,70,7,112,9,4,22.397612,113.961793
2020/1/12,Tuen Mun,9,101,18,3,63,15,40,7,2,22.397612,113.961793
2020/1/12,Tuen Mun,24,94,2,2,2,82,42,6,4,22.397612,113.961793
2020/1/13,Tuen Mun,9,109,2,59,115,10,41,7,3,22.397612,113.961793
2020/1/13,Tuen Mun,24,89,2,59,63,46,3,4,4,22.397612,113.961793
2020/1/14,Tuen Mun,9,83,3,65,83,46,46,5,4,22.397612,113.961793
2020/1/14,Tuen Mun,24,65,2,2,2,108,48,5,5,22.397612,113.961793
2020/1/15,Tuen Mun,9,70,2,78,117,2,48,5,4,22.397612,113.961793
2020/1/15,Tuen Mun,24,75,3,2,2,83,58,4,4,22.397612,113.961793
2020/1/16,Tuen Mun,9,77,2,61,83,3,3,5,4,22.397612,113.961793
2020/1/16,Tuen Mun,24,94,3,96,148,5,55,7,4,22.397612,113.961793
2020/1/17,Tuen Mun,9,101,2,3,57,19,49,5,3,22.397612,113.961793
2020/1/17,Tuen Mun,24,96,19,3,3,51,3,5,3,22.397612,113.961793
2020/1/18,Tuen Mun,9,102,17,47,79,14,2,6,2,22.397612,113.961793
2020/1/18,Tuen Mun,24,79,17,3,3,56,2,4,3,22.397612,113.961793
2020/1/19,Tuen Mun,9,94,2,3,48,2,44,6,3,22.397612,113.961793
2020/1/19,Tuen Mun,24,101,3,40,43,18,52,5,3,22.397612,113.961793
2020/1/20,Tuen Mun,9,94,2,44,83,11,2,6,2,22.397612,113.961793
2020/1/20,Tuen Mun,24,106,42,87,118,6,54,7,4,22.397612,113.961793
2020/1/21,Tuen Mun,9,90,3,45,54,56,3,4,3,22.397612,113.961793
2020/1/21,Tuen Mun,24,77,3,3,3,86,41,4,4,22.397612,113.961793
2020/1/22,Tuen Mun,9,91,46,82,117,2,65,5,4,22.397612,113.961793
2020/1/22,Tuen Mun,24,100,2,97,193,5,41,9,4,22.397612,113.961793
2020/1/23,Tuen Mun,9,102,3,66,144,9,43,6,3,22.397612,113.961793
2020/1/23,Tuen Mun,24,76,19,80,102,7,2,7,3,22.397612,113.961793
2020/1/24,Tuen Mun,9,83,19,59,104,11,2,5,3,22.397612,113.961793
2020/1/24,Tuen Mun,24,76,18,19,2,57,2,4,3,22.397612,113.961793
2020/1/25,Tuen Mun,9,59,13,15,18,63,15,4,3,22.397612,113.961793
2020/1/25,Tuen Mun,24,97,40,14,17,2,47,4,2,22.397612,113.961793
2020/1/26,Tuen Mun,9,90,7,2,3,16,5,4,1,22.397612,113.961793
2020/1/26,Tuen Mun,24,73,12,14,17,3,9,5,2,22.397612,113.961793
2020/1/27,Tuen Mun,9,81,9,2,2,3,8,4,2,22.397612,113.961793
2020/1/27,Tuen Mun,24,61,11,14,18,45,9,4,2,22.397612,113.961793
2020/1/28,Tuen Mun,9,60,9,2,3,3,9,3,2,22.397612,113.961793
2020/1/28,Tuen Mun,24,64,17,12,15,62,16,4,3,22.397612,113.961793
2020/1/29,Tuen Mun,9,70,19,2,3,53,2,4,3,22.397612,113.961793
2020/1/29,Tuen Mun,24,67,2,41,46,42,3,5,3,22.397612,113.961793
2020/1/30,Tuen Mun,9,61,3,3,43,63,41,5,4,22.397612,113.961793
2020/1/30,Tuen Mun,24,66,3,62,74,3,3,5,4,22.397612,113.961793
2020/1/31,Tuen Mun,9,73,74,62,84,3,89,7,4,22.397612,113.961793
2020/1/31,Tuen Mun,24,100,3,92,141,8,44,6,4,22.397612,113.961793
2020/1/1,Yuen Long,9,68,18,3,40,3,40,4,3,22.446921,114.02657
2020/1/1,Yuen Long,24,56,15,3,40,66,3,4,4,22.446921,114.02657
2020/1/2,Yuen Long,9,48,13,45,51,45,3,4,3,22.446921,114.02657
2020/1/2,Yuen Long,24,85,2,72,144,1,70,5,4,22.446921,114.02657
2020/1/3,Yuen Long,9,103,2,81,3,3,59,5,3,22.446921,114.02657
2020/1/3,Yuen Long,24,98,2,111,2,1,58,5,4,22.446921,114.02657
2020/1/4,Yuen Long,9,105,2,80,3,2,48,5,3,22.446921,114.02657
2020/1/4,Yuen Long,24,74,19,87,13,11,43,5,4,22.446921,114.02657
2020/1/5,Yuen Long,9,42,11,2,3,62,2,4,3,22.446921,114.02657
2020/1/5,Yuen Long,24,44,10,2,2,81,2,4,4,22.446921,114.02657
2020/1/6,Yuen Long,9,52,11,45,53,57,2,4,4,22.446921,114.02657
2020/1/6,Yuen Long,24,69,16,56,67,42,2,4,3,22.446921,114.02657
2020/1/7,Yuen Long,9,97,2,78,2,6,44,5,3,22.446921,114.02657
2020/1/7,Yuen Long,24,90,7,70,13,2,3,4,3,22.446921,114.02657
2020/1/8,Yuen Long,9,75,40,56,85,17,46,7,3,22.446921,114.02657
2020/1/8,Yuen Long,24,76,15,76,98,3,3,5,4,22.446921,114.02657
2020/1/9,Yuen Long,9,90,17,49,56,68,42,4,4,22.446921,114.02657
2020/1/9,Yuen Long,24,102,2,68,81,49,3,3,4,22.446921,114.02657
2020/1/10,Yuen Long,9,97,3,70,94,45,3,4,4,22.446921,114.02657
2020/1/10,Yuen Long,24,91,NaN,63,82,41,3,5,4,22.446921,114.02657
2020/1/11,Yuen Long,9,98,2,76,2,11,45,5,3,22.446921,114.02657
2020/1/11,Yuen Long,24,13,47,53,79,5,82,9,4,22.446921,114.02657
2020/1/12,Yuen Long,9,109,10,41,57,19,2,5,2,22.446921,114.02657
2020/1/12,Yuen Long,24,111,2,51,56,42,3,6,4,22.446921,114.02657
2020/1/13,Yuen Long,9,106,17,52,82,9,3,6,3,22.446921,114.02657
2020/1/13,Yuen Long,24,107,17,78,102,2,2,4,4,22.446921,114.02657
2020/1/14,Yuen Long,9,101,2,74,114,3,3,5,4,22.446921,114.02657
2020/1/14,Yuen Long,24,98,2,91,12,3,47,5,4,22.446921,114.02657
2020/1/15,Yuen Long,9,74,2,49,64,55,40,4,4,22.446921,114.02657
2020/1/15,Yuen Long,24,94,3,3,3,72,46,3,4,22.446921,114.02657
2020/1/16,Yuen Long,9,96,3,57,87,3,3,2,3,22.446921,114.02657
2020/1/16,Yuen Long,24,94,3,68,82,2,3,4,3,22.446921,114.02657
2020/1/17,Yuen Long,9,119,5,3,59,15,2,4,2,22.446921,114.02657
2020/1/17,Yuen Long,24,110,11,3,41,43,19,6,3,22.446921,114.02657
2020/1/18,Yuen Long,9,111,19,43,66,14,2,4,2,22.446921,114.02657
2020/1/18,Yuen Long,24,104,2,56,79,3,2,4,3,22.446921,114.02657
2020/1/19,Yuen Long,9,108,2,3,44,2,45,5,3,22.446921,114.02657
2020/1/19,Yuen Long,24,112,3,3,45,2,2,5,2,22.446921,114.02657
2020/1/20,Yuen Long,9,106,19,40,69,9,2,5,2,22.446921,114.02657
2020/1/20,Yuen Long,24,13,3,87,184,1,3,4,3,22.446921,114.02657
2020/1/21,Yuen Long,9,12,3,76,13,2,3,4,3,22.446921,114.02657
2020/1/21,Yuen Long,24,100,3,3,43,77,3,3,4,22.446921,114.02657
2020/1/22,Yuen Long,9,100,45,62,76,3,47,4,4,22.446921,114.02657
2020/1/22,Yuen Long,24,96,2,83,13,9,3,4,3,22.446921,114.02657
2020/1/23,Yuen Long,9,86,NaN,58,12,17,2,4,3,22.446921,114.02657
2020/1/23,Yuen Long,24,71,2,52,70,16,18,3,3,22.446921,114.02657
2020/1/24,Yuen Long,9,96,2,58,2,1,2,5,2,22.446921,114.02657
2020/1/24,Yuen Long,24,69,2,2,2,57,2,3,3,22.446921,114.02657
2020/1/25,Yuen Long,9,56,7,2,2,58,19,3,3,22.446921,114.02657
2020/1/25,Yuen Long,24,95,44,17,2,14,NaN,4,2,22.446921,114.02657
2020/1/26,Yuen Long,9,85,1,18,3,12,7,3,1,22.446921,114.02657
2020/1/26,Yuen Long,24,71,7,17,2,2,12,7,2,22.446921,114.02657
2020/1/27,Yuen Long,9,69,3,15,2,3,8,5,2,22.446921,114.02657
2020/1/27,Yuen Long,24,54,7,17,2,3,9,5,2,22.446921,114.02657
2020/1/28,Yuen Long,9,47,6,2,3,3,11,5,2,22.446921,114.02657
2020/1/28,Yuen Long,24,60,14,19,2,48,16,5,3,22.446921,114.02657
2020/1/29,Yuen Long,9,59,15,2,3,49,2,5,3,22.446921,114.02657
2020/1/29,Yuen Long,24,56,17,3,3,46,2,5,3,22.446921,114.02657
2020/1/30,Yuen Long,9,48,2,2,3,63,3,6,3,22.446921,114.02657
2020/1/30,Yuen Long,24,61,NaN,57,77,3,2,6,3,22.446921,114.02657
2020/1/31,Yuen Long,9,48,3,3,50,52,3,6,3,22.446921,114.02657
2020/1/31,Yuen Long,24,84,NaN,73,116,17,3,6,4,22.446921,114.02657
